{
  "display": {
    "title": "New scene",
    "favicon": "favicon_asset",
    "navmapThumbnail": "scene-thumbnail.png"
  },
  "owner": "",
  "contact": {
    "name": "author-name",
    "email": ""
  },
  "main": "bin/game.js",
  "tags": [],
  "scene": {
    "parcels": [
      "0,0",
      "0,1",
      "0,2",
      "0,3",
      "0,4",
      "0,5",
      "0,6",
      "0,7",
      "0,8",
      "1,0",
      "1,1",
      "1,2",
      "1,3",
      "1,4",
      "1,5",
      "1,6",
      "1,7",
      "1,8",
      "2,0",
      "2,1",
      "2,2",
      "2,3",
      "2,4",
      "2,5",
      "2,6",
      "2,7",
      "2,8"
    ],
    "base": "0,0"
  },
  "communications": {
    "type": "webrtc",
    "signalling": "https://signalling-01.decentraland.org"
  },
  "policy": {
    "contentRating": "E",
    "fly": true,
    "voiceEnabled": true,
    "blacklist": [],
    "teleportPosition": ""
  },
  "source": {
    "version": 1,
    "origin": "builder",
    "projectId": "4fb345c5-953c-4e3c-af3c-34f7e143b5b6",
    "point": {
      "x": 0,
      "y": 0
    },
    "rotation": "east",
    "layout": {
      "rows": 3,
      "cols": 9
    }
  }
}